LocalTimestamp,BlockHash,Number
2018-09-18T15:14:15.204+0100,0xaf2426c2fb81c3c2b2d0a392c96c75b74abe38c1ed27be90d89afbf796e682fe,3010218
2018-09-18T15:14:30.309+0100,0xc26739054129cb52d2af2ca384da312249ee1f86893cdadb962ab56e0d5a68b5,3010219
2018-09-18T15:14:45.499+0100,0x709ea985c5f46e6602e7c0a07c228000b3a1e1d6c0b72a19d1734d0b780dea30,3010220
2018-09-18T15:14:45.535+0100,0x834441c3d1a378608f47f63230766f224b3b644161369a4d4840a46b191e586b,3010220
2018-09-18T15:15:00.373+0100,0xccbcdff2f9f8e747f664b734a8b9b3a1504b6aff8a095fa1b22fd0a485077456,3010221
2018-09-18T15:15:15.468+0100,0x60866ffbc06a38bb1c4263c3e54a45877a21eabf89efd6d6d41d73136fb043c8,3010222
2018-09-18T15:15:30.281+0100,0xe0e359c20eeaa56af8c51fd8ffadc7d06b458db4480d7f5401b15dc327ec8c40,3010223
2018-09-18T15:15:45.245+0100,0xb130faccd28edd68e52fec39f0b705adbccc964e8cad4f23b8f4bf0813db2ed1,3010224
2018-09-18T15:16:00.132+0100,0x7dd1e65b17e50df2b5e22b118a452c5b7364bceeec077ebd822fd6693b299ed7,3010225
2018-09-18T15:16:15.843+0100,0x92624c366ecefad1a1391600bb5129f2dc5ebd3c240fe04da1774580d88e6406,3010226
2018-09-18T15:16:30.675+0100,0x1e5d75f9b2d8505b5408d4f4683a1684d17e73ca482e82d5beae1013e757c14b,3010227
2018-09-18T15:16:45.247+0100,0xcefc9f0b5df210d2508ce53578e98f42a86f37bcc7fcadfafe9448229ab936b7,3010228
2018-09-18T15:17:03.609+0100,0xda22aa1517aaa288638b703de1ed07e746d9837b3c0ca05873bf0b3fa89fb9f9,3010229
2018-09-18T15:17:15.771+0100,0x0476a4318cd35afa51f7357e3977ebd281cb06e8742f53a7d1c9cca3b5c54620,3010230
2018-09-18T15:17:30.823+0100,0xb725418b831e15dc58a9fb28d3929fe32d69570aafe71c7f5952378f184c5378,3010231
2018-09-18T15:17:45.227+0100,0x7c54a0a21f7af16a532f1e101712158941a309c7ec75982d4212b8871bb38f81,3010232
2018-09-18T15:18:00.503+0100,0x284eae04625a8d006a3c0d66de6d0409bb8d0086b4f4e7d242fe92bf21a38688,3010233
2018-09-18T15:18:01.052+0100,0x3bd730c6a82f3bdcf1a736781aed7d698c1898b736396de522543cd95590009e,3010233
2018-09-18T15:18:15.297+0100,0x26c737dec16c602148e570096bdd4cd265b51a2e0c1335d8bb7ecaa41e091fb5,3010234
2018-09-18T15:18:30.224+0100,0x2adafead120b03d58f709100d7f0883917882641a2f67f32457b8685cb1613b3,3010235
2018-09-18T15:18:45.540+0100,0x8714aa71790681ca01e47505dd36cf4a40cb4c36da8af8854c13d1c993da096a,3010236
2018-09-18T15:18:45.994+0100,0x50dbdea2a3c1e5b7d87561a109c47781a92e385fcda22e5148ff53a1603db3ce,3010236
2018-09-18T15:19:00.553+0100,0x8c428d5e2e75b616fbfa9d8adfc4da70670af163c1aeb913166c1e88ecf76a55,3010237
2018-09-18T15:19:02.106+0100,0x51696a47df6d7473e42d640121a701e1ecfbecd62a08e5144a9f81b3c62b967f,3010237
2018-09-18T15:19:15.204+0100,0x92430b1d9883def4a9db3e332c4563de55fc1019eccbbbeff282ce278859f66d,3010238
2018-09-18T15:19:30.260+0100,0x778df68fa104331a0fffa0cb2dfd85f3e291f006f795be80bae2df61897fb05d,3010239
2018-09-18T15:19:45.547+0100,0x8107158bfb7c86afdb8673d53d292620f486a5efc3982d9bbf31a5a2ff61df2d,3010240
2018-09-18T15:20:00.676+0100,0xf65c1c71ec9b9943da2fcb8238365d7e2b4520bd73b207db8761d7046d701ff3,3010241
2018-09-18T15:20:15.390+0100,0x25908f7e5a4a2bd0e013f49aa9d1ca258956b30a00d0f3dc608acbcef85a5a75,3010242
2018-09-18T15:20:30.295+0100,0xcc6e26bffc360e537728f471f74e97799269e4654863939ffbf2bf116b0c1c22,3010243
2018-09-18T15:20:30.522+0100,0xc17f9c3e712bc8875c07a4584cb7fe184d9564dcec187799399c97aa0b28b11a,3010243
2018-09-18T15:20:45.399+0100,0xd2b9e9c131a5e7dd5423e0b263f466b22efa40df1bdcb68ae6733618c2802237,3010244
2018-09-18T15:21:00.308+0100,0x6cc9a1c23fe572117bda261309f16bd1c97ed49e6555ddee1addab125678b8e4,3010245

