LocalTimestamp,BlockHash
2018-09-02T21:13:33.093+0200,0x82fc26550f4d5554e6f8574099220acb089d0876cff77e6258e6406f3ca5d940
2018-09-02T21:13:33.641+0200,0x82fc26550f4d5554e6f8574099220acb089d0876cff77e6258e6406f3ca5d940
2018-09-02T21:13:34.193+0200,0x82fc26550f4d5554e6f8574099220acb089d0876cff77e6258e6406f3ca5d940
2018-09-02T21:14:02.641+0200,0xf3cfd0102875fe7ce5f653450e39b598183947baedebc9d4a3aa13e120cc4c03
2018-09-02T21:14:02.844+0200,0xf3cfd0102875fe7ce5f653450e39b598183947baedebc9d4a3aa13e120cc4c03
2018-09-02T21:14:17.691+0200,0xb0b07feec34c0ab79964895b6e6b629f3b17e2bb28ecc7a5bb3a9a002b7b9163
2018-09-02T21:14:17.811+0200,0xb0b07feec34c0ab79964895b6e6b629f3b17e2bb28ecc7a5bb3a9a002b7b9163
2018-09-02T21:14:18.297+0200,0xb0b07feec34c0ab79964895b6e6b629f3b17e2bb28ecc7a5bb3a9a002b7b9163
2018-09-02T21:15:02.410+0200,0xcb384559583f1d8b7072d269422b3138224e778c71dc015af7736c54e1fe5d2b
2018-09-02T21:15:02.440+0200,0x07a30ab8287f50feebbcc6b47e0068f60540e0921367ca9a984f03ed25ddcf44
2018-09-02T21:15:02.707+0200,0xcb384559583f1d8b7072d269422b3138224e778c71dc015af7736c54e1fe5d2b
2018-09-02T21:15:03.434+0200,0x07a30ab8287f50feebbcc6b47e0068f60540e0921367ca9a984f03ed25ddcf44
2018-09-02T21:15:03.522+0200,0x07a30ab8287f50feebbcc6b47e0068f60540e0921367ca9a984f03ed25ddcf44
2018-09-02T21:15:32.980+0200,0x1acf8769e72663cee1643cd50712af0efecfedfc23a508e2a6176de88a9a0dba
2018-09-02T21:15:33.125+0200,0x1acf8769e72663cee1643cd50712af0efecfedfc23a508e2a6176de88a9a0dba
2018-09-02T21:15:33.566+0200,0x1acf8769e72663cee1643cd50712af0efecfedfc23a508e2a6176de88a9a0dba
2018-09-02T21:16:02.867+0200,0x2d0f71da7dcee6605654182378b12a15cebad43b07e545f71f7be6742cebda12
2018-09-02T21:16:03.009+0200,0x2d0f71da7dcee6605654182378b12a15cebad43b07e545f71f7be6742cebda12
2018-09-02T21:16:17.965+0200,0xfe1de57222e3b7943ee072160009053bfd6c9f10d194427aa4ee615c222acfdf
2018-09-02T21:16:18.073+0200,0xfe1de57222e3b7943ee072160009053bfd6c9f10d194427aa4ee615c222acfdf
2018-09-02T21:16:18.555+0200,0xfe1de57222e3b7943ee072160009053bfd6c9f10d194427aa4ee615c222acfdf
2018-09-02T21:16:33.563+0200,0x4291b41ff36939e7e0feb98b2fe3331a90efb1526b23d72da23f8dcc3d9497a5
2018-09-02T21:16:47.878+0200,0xa0a513e7b0ef1b52642027032c7fc51753d92ef4afd214f785d63c4be25ecc81
2018-09-02T21:16:48.695+0200,0xa0a513e7b0ef1b52642027032c7fc51753d92ef4afd214f785d63c4be25ecc81
2018-09-02T21:16:48.785+0200,0xa0a513e7b0ef1b52642027032c7fc51753d92ef4afd214f785d63c4be25ecc81
2018-09-02T21:17:17.343+0200,0x9afb85d73d464e61ac23a6b2056eee7cc0000840883b242b5eed252194719188
2018-09-02T21:17:17.375+0200,0x9afb85d73d464e61ac23a6b2056eee7cc0000840883b242b5eed252194719188
2018-09-02T21:17:32.870+0200,0x5c159f5daa0687bf76f835590201691c9e98ae56df90bd1d3aa5cd69dae5666f
2018-09-02T21:17:33.147+0200,0x5c159f5daa0687bf76f835590201691c9e98ae56df90bd1d3aa5cd69dae5666f
2018-09-02T21:17:47.836+0200,0xe67442f4edc4daa968b63ec5d7069dc40a6e1a39a699441e42fb4496b2616dd8
2018-09-02T21:18:03.478+0200,0x9a824642ffae3cbb0e07c127c5509108a926cfba07dbd9d048f68889ce769346
2018-09-02T21:18:03.494+0200,0x9a824642ffae3cbb0e07c127c5509108a926cfba07dbd9d048f68889ce769346
2018-09-02T21:18:04.477+0200,0x9a824642ffae3cbb0e07c127c5509108a926cfba07dbd9d048f68889ce769346
2018-09-02T21:18:32.434+0200,0x981bcf3fd7a8754f7811aef21a38cb089f195ac9e7a372620959805caa6baab9
2018-09-02T21:18:32.438+0200,0x981bcf3fd7a8754f7811aef21a38cb089f195ac9e7a372620959805caa6baab9
2018-09-02T21:18:32.997+0200,0x981bcf3fd7a8754f7811aef21a38cb089f195ac9e7a372620959805caa6baab9
2018-09-02T21:18:47.289+0200,0xb0e257db36365dd94e4dda0f6d006cd7bd6230cd6d0e0667c552a8ea0392d7b3
2018-09-02T21:18:47.289+0200,0x2958bc3ea4122fd660e35f057280aee408f18cffd1c25309c336c9cd55b839c6
2018-09-02T21:18:47.406+0200,0x2958bc3ea4122fd660e35f057280aee408f18cffd1c25309c336c9cd55b839c6
2018-09-02T21:19:02.928+0200,0x89c20328d62c9ea64f853d0814a18a09ffc641ae30c11553811c10e50f41ae44
2018-09-02T21:19:03.147+0200,0x89c20328d62c9ea64f853d0814a18a09ffc641ae30c11553811c10e50f41ae44
2018-09-02T21:19:03.285+0200,0x89c20328d62c9ea64f853d0814a18a09ffc641ae30c11553811c10e50f41ae44
2018-09-02T21:19:18.272+0200,0x2b4c8cd73a11c8d5d1a66c7e23390cbbee94f06e772f770d9f897adeedf0d3c6
2018-09-02T21:19:18.295+0200,0x2b4c8cd73a11c8d5d1a66c7e23390cbbee94f06e772f770d9f897adeedf0d3c6
2018-09-02T21:19:20.144+0200,0x2b4c8cd73a11c8d5d1a66c7e23390cbbee94f06e772f770d9f897adeedf0d3c6
2018-09-02T21:19:33.646+0200,0x711238b535ad5befa3fc424d144c776d4b3bdace414160276d4162f593e80326
2018-09-02T21:20:03.421+0200,0x6f73af59efcfe5e0cddddc29a38e9909513a352c8a483709a5692c5e1b20a9b3
2018-09-02T21:20:03.873+0200,0x6f73af59efcfe5e0cddddc29a38e9909513a352c8a483709a5692c5e1b20a9b3
2018-09-02T21:20:18.091+0200,0xe4385ba52c3d4a009d8f27e456a903d8636d108533bb59e90713ce3790143f97
2018-09-02T21:20:18.378+0200,0xe4385ba52c3d4a009d8f27e456a903d8636d108533bb59e90713ce3790143f97
2018-09-02T21:20:32.902+0200,0xecc3bfb6d5e748de1b329ce6447d8050ed71ce14cbcc4d86ae44e63d48bc1f88
2018-09-02T21:20:32.922+0200,0xecc3bfb6d5e748de1b329ce6447d8050ed71ce14cbcc4d86ae44e63d48bc1f88
2018-09-02T21:20:48.636+0200,0x52136b973176547bec9f5fe9bb3c27be4ead846aaaf068f1a8cabed09e394630
2018-09-02T21:20:48.791+0200,0xe4259f0714d85270d433b3d85242d8c69cdbd5d38e1a87e6380a158e390125c7
2018-09-02T21:20:48.962+0200,0xe4259f0714d85270d433b3d85242d8c69cdbd5d38e1a87e6380a158e390125c7
2018-09-02T21:21:03.162+0200,0x2d3f559fd29efb7b8dd0fc683e8d2eafbb2125644465104628af4972943ce3f4
2018-09-02T21:21:17.359+0200,0xa4a6b57f6c085e10fe7b1d40295f76cad83825a51675504878437167e87c4cd1
2018-09-02T21:21:32.204+0200,0x5b5b0e551a92dbce7865f8c5e0a251848b0dab785e7b2aa721c2958a38458d44
2018-09-02T21:21:32.541+0200,0x5b5b0e551a92dbce7865f8c5e0a251848b0dab785e7b2aa721c2958a38458d44
2018-09-02T21:21:32.923+0200,0x5b5b0e551a92dbce7865f8c5e0a251848b0dab785e7b2aa721c2958a38458d44
2018-09-02T21:21:47.967+0200,0x15f946ef58578db482077299098957b7ecddfe1e395a26a02e740672b00b1480
2018-09-02T21:21:48.019+0200,0x15f946ef58578db482077299098957b7ecddfe1e395a26a02e740672b00b1480
2018-09-02T21:22:03.247+0200,0x4c5d983b1326d13474d9e1900a9da4fb28d3c6df722aef93fd2422e6ef88fca7
2018-09-02T21:22:03.282+0200,0x4c5d983b1326d13474d9e1900a9da4fb28d3c6df722aef93fd2422e6ef88fca7
2018-09-02T21:22:17.454+0200,0x7bbf974fa6a39e207aafe43ba6977110e0f956a656264ea260348d6a6a066b21
2018-09-02T21:22:17.488+0200,0x7bbf974fa6a39e207aafe43ba6977110e0f956a656264ea260348d6a6a066b21
2018-09-02T21:22:32.514+0200,0x71225491bee8e159926c4f5840d3e636b4b7c94f877aa200ce5a8d614e428a3e
2018-09-02T21:22:47.581+0200,0xf5f74c083815dbd339c01b0d705b9e69de1388fd21d4ef8710a75f96870d853b
2018-09-02T21:22:47.610+0200,0xf5f74c083815dbd339c01b0d705b9e69de1388fd21d4ef8710a75f96870d853b
2018-09-02T21:23:02.516+0200,0x8171568a6dfe73c6a3bd156730b6741204810132ad8d0c53b5e4a645ff766373
2018-09-02T21:23:02.749+0200,0xc9fcac37e253944b6401313e5bab957fa44f8e9588e0d6916f5b36313ae24f8f
2018-09-02T21:23:02.778+0200,0xc9fcac37e253944b6401313e5bab957fa44f8e9588e0d6916f5b36313ae24f8f
2018-09-02T21:23:03.424+0200,0xc9fcac37e253944b6401313e5bab957fa44f8e9588e0d6916f5b36313ae24f8f
2018-09-02T21:23:18.223+0200,0xda58e616fcaf4159a164e8722e2b4d88437d6f11a7d0754b5d25f8fd7917b454
2018-09-02T21:24:02.910+0200,0x3eb98996f71280a9da746cd752420f75218c60aec5b547e391a4875382b8666c
2018-09-02T21:24:03.129+0200,0x3eb98996f71280a9da746cd752420f75218c60aec5b547e391a4875382b8666c
2018-09-02T21:24:03.268+0200,0xf9542bccf1a3d4cb06ab8f3c587a9c0a6694b08047b1de02d3225d5ecf433078
2018-09-02T21:24:18.157+0200,0x4556990b7f40f4672fa4fffa294cd1859b21e2ef8791a88563d59c7192ec5632
2018-09-02T21:24:33.764+0200,0xace399e4133cb56d62e6c768ddcdcb1fa466190690acf21a5b0b94760b8e97b8
2018-09-02T21:24:33.895+0200,0xace399e4133cb56d62e6c768ddcdcb1fa466190690acf21a5b0b94760b8e97b8
2018-09-02T21:24:34.382+0200,0xace399e4133cb56d62e6c768ddcdcb1fa466190690acf21a5b0b94760b8e97b8
2018-09-02T21:24:47.148+0200,0xaf0619c39d61d77dbd4dd6db0b3d5685bbbcf8dbc944d7558d06a9e9072c41c1
2018-09-02T21:24:47.346+0200,0xaf0619c39d61d77dbd4dd6db0b3d5685bbbcf8dbc944d7558d06a9e9072c41c1
2018-09-02T21:24:47.979+0200,0xaf0619c39d61d77dbd4dd6db0b3d5685bbbcf8dbc944d7558d06a9e9072c41c1
2018-09-02T21:25:02.283+0200,0x3f607254182e4d241acdb73efb74ae3bba320029f77410787ac0f82e96a99378
2018-09-02T21:25:02.351+0200,0xff3546326ceb6005efdd89f383bc971d34a4eeae41e469d30770b7870441884c
2018-09-02T21:25:02.355+0200,0xff3546326ceb6005efdd89f383bc971d34a4eeae41e469d30770b7870441884c
2018-09-02T21:25:02.432+0200,0x3f607254182e4d241acdb73efb74ae3bba320029f77410787ac0f82e96a99378
2018-09-02T21:25:47.120+0200,0x15dfff070f61233faa30249bc76b5effd98afe39c654cca752e4ba371940f99f
2018-09-02T21:26:32.277+0200,0x52812bfb25defad2f22581a021e9b14280aaf958c39334913d531f2436f625c2
2018-09-02T21:27:03.119+0200,0xc2d1fb90c19892cf53b9844fc1dfee94a18193391cfaeca01bbe659ab0f6e8e3
2018-09-02T21:27:03.288+0200,0xc2d1fb90c19892cf53b9844fc1dfee94a18193391cfaeca01bbe659ab0f6e8e3
2018-09-02T21:27:03.778+0200,0xc2d1fb90c19892cf53b9844fc1dfee94a18193391cfaeca01bbe659ab0f6e8e3
2018-09-02T21:27:17.244+0200,0x8ce299fe8a4a783eda88bd83378a0012d387960ab48fc76787468ca2e9aa366e
2018-09-02T21:27:32.385+0200,0x037a9ccf411153138a83bb7147c705dc7c261c06970ded2d743e81c04ce40930
2018-09-02T21:27:32.560+0200,0x037a9ccf411153138a83bb7147c705dc7c261c06970ded2d743e81c04ce40930
2018-09-02T21:27:32.578+0200,0x037a9ccf411153138a83bb7147c705dc7c261c06970ded2d743e81c04ce40930
2018-09-02T21:28:02.912+0200,0x69c62737442aea22d48cdad434849a4d572d1ca9b9b59ecf86266fc8b20376f6
2018-09-02T21:28:03.155+0200,0x69c62737442aea22d48cdad434849a4d572d1ca9b9b59ecf86266fc8b20376f6
2018-09-02T21:28:03.496+0200,0x69c62737442aea22d48cdad434849a4d572d1ca9b9b59ecf86266fc8b20376f6
2018-09-02T21:28:47.964+0200,0x73211404672dd55f8fd05b0e82c485430474526551ad0dd8410550b0cfec21f5
2018-09-02T21:29:02.365+0200,0x9d5ce84bae2f1d985d25d527c3dacc1d9957f4b58d97be87c76dcc4d746b70dc
2018-09-02T21:29:02.707+0200,0x9d5ce84bae2f1d985d25d527c3dacc1d9957f4b58d97be87c76dcc4d746b70dc
2018-09-02T21:29:33.843+0200,0xf3b55adf09d906d8c4b7bfe71f0cf1e4c8d999b23ee8d3511521aa82f684e554
2018-09-02T21:29:33.983+0200,0xf3b55adf09d906d8c4b7bfe71f0cf1e4c8d999b23ee8d3511521aa82f684e554
2018-09-02T21:29:34.087+0200,0x6456c676dfc7b892e67a3a269b1c2eba8a9361ccf47ae497e37b4c1d5347973a
2018-09-02T21:29:34.166+0200,0x6456c676dfc7b892e67a3a269b1c2eba8a9361ccf47ae497e37b4c1d5347973a
2018-09-02T21:29:47.496+0200,0x7f9b4aff7c6546d16aee796c41189d8d971629f30dbac839c19f8968afce76e5
2018-09-02T21:30:04.103+0200,0xcb007b24c148128ec2407ffac90b0938146c68969e1a079b7ca3c947f521e8ee
2018-09-02T21:30:04.505+0200,0xcb007b24c148128ec2407ffac90b0938146c68969e1a079b7ca3c947f521e8ee
2018-09-02T21:30:17.855+0200,0x608e255474ab31ea791e1c1fe7f137819d197f0dbc6c270f6b58d84c1fd674a2
2018-09-02T21:30:32.981+0200,0xe466b42bbd4e938cad4dd3e9abaf590ed640838d3b90d6367fdebd8f0c9bd990
2018-09-02T21:30:33.118+0200,0xe466b42bbd4e938cad4dd3e9abaf590ed640838d3b90d6367fdebd8f0c9bd990
2018-09-02T21:30:47.136+0200,0x13b291b8e0a8ab7eaf58504ac5a9493acdb6b3a47b55a25a353afb68c66726fe
2018-09-02T21:30:47.183+0200,0x13b291b8e0a8ab7eaf58504ac5a9493acdb6b3a47b55a25a353afb68c66726fe
2018-09-02T21:31:02.193+0200,0x6b4e16f26bc0fb4ff3afb127a696dead2affac80c799f4671f264a47d3a298bc
2018-09-02T21:31:02.289+0200,0x6b4e16f26bc0fb4ff3afb127a696dead2affac80c799f4671f264a47d3a298bc
2018-09-02T21:31:02.357+0200,0x6b4e16f26bc0fb4ff3afb127a696dead2affac80c799f4671f264a47d3a298bc
2018-09-02T21:31:17.119+0200,0x48106cd39dea12ca4d0d8d7ab73303d2ea667f1a43810e93650cd173505d0850
2018-09-02T21:31:17.208+0200,0x48106cd39dea12ca4d0d8d7ab73303d2ea667f1a43810e93650cd173505d0850
2018-09-02T21:31:17.564+0200,0x48106cd39dea12ca4d0d8d7ab73303d2ea667f1a43810e93650cd173505d0850
2018-09-02T21:31:32.869+0200,0x6e0f9e39ccaa6988031c5fab51207b3e6ba25d84d3b1b2eb545a94d6f123045f
2018-09-02T21:31:47.160+0200,0x0b47b0e2aa3515a902ac954fa3e4161bdcc4eb893c9d05d8d803c2db2e7f1ead
2018-09-02T21:32:02.315+0200,0x311ed4b6a1a21d0f23dde3f81b121cc4243a65c1b6af660627132f331b0e7d7f
2018-09-02T21:32:02.528+0200,0x311ed4b6a1a21d0f23dde3f81b121cc4243a65c1b6af660627132f331b0e7d7f
2018-09-02T21:32:02.642+0200,0x311ed4b6a1a21d0f23dde3f81b121cc4243a65c1b6af660627132f331b0e7d7f
2018-09-02T21:32:18.572+0200,0x475cb8c881bef3fda675bd7f481828f607ee96c81d52d48d1127abcbd7b8bb7e
2018-09-02T21:32:33.546+0200,0xc0bb0d43cdc6c6a4baf331fe7fb2f414c802adead7b8e30db8e93b0923ca332e
2018-09-02T21:32:33.559+0200,0xc0bb0d43cdc6c6a4baf331fe7fb2f414c802adead7b8e30db8e93b0923ca332e
2018-09-02T21:32:33.642+0200,0xc94e61e7f006a6dfe6a2977e78fbbaa35876868b20ede1d140850b714893e192
2018-09-02T21:32:33.677+0200,0xc94e61e7f006a6dfe6a2977e78fbbaa35876868b20ede1d140850b714893e192
2018-09-02T21:32:34.032+0200,0xc94e61e7f006a6dfe6a2977e78fbbaa35876868b20ede1d140850b714893e192
2018-09-02T21:32:47.843+0200,0x973170f8c8c7d69971f9c05bf8e19b06776832ab394cbbaed484b742a1386c19
2018-09-02T21:33:03.618+0200,0x2acd8b276984df579eb248eaf7008847d133a0aa861ff2c6c1d67e385e6e225a
2018-09-02T21:33:03.693+0200,0xdd50eabe4d334c627e02b40cd5fb8fa6ffbf4537bee7de59a4b7cbe179999e45
2018-09-02T21:33:03.909+0200,0x2acd8b276984df579eb248eaf7008847d133a0aa861ff2c6c1d67e385e6e225a
2018-09-02T21:33:03.985+0200,0x2acd8b276984df579eb248eaf7008847d133a0aa861ff2c6c1d67e385e6e225a
2018-09-02T21:33:04.234+0200,0xdd50eabe4d334c627e02b40cd5fb8fa6ffbf4537bee7de59a4b7cbe179999e45
2018-09-02T21:33:33.188+0200,0xb2e122572484b94bf96b8da1e0c9d74a08c968806274ffc9e575f446f9302f1b
2018-09-02T21:33:33.418+0200,0xb2e122572484b94bf96b8da1e0c9d74a08c968806274ffc9e575f446f9302f1b
2018-09-02T21:33:33.714+0200,0xb2e122572484b94bf96b8da1e0c9d74a08c968806274ffc9e575f446f9302f1b
2018-09-02T21:33:47.057+0200,0x289983ef1815746e1e3285b235bdd484a28589b0d99f8fcaddf85dfec6b88646
2018-09-02T21:33:47.118+0200,0x289983ef1815746e1e3285b235bdd484a28589b0d99f8fcaddf85dfec6b88646
2018-09-02T21:34:03.476+0200,0xb7004e672aaef2da1b303912572736946b86e096bec2df7f56c789267718b78d
2018-09-02T21:34:03.720+0200,0xb7004e672aaef2da1b303912572736946b86e096bec2df7f56c789267718b78d
2018-09-02T21:34:03.817+0200,0xb7004e672aaef2da1b303912572736946b86e096bec2df7f56c789267718b78d
2018-09-02T21:34:17.775+0200,0x005e3d515231c35ff2dfe49865e8f8f4e9d73baba53cf0b82c95452a8aeb460f
2018-09-02T21:34:17.922+0200,0x005e3d515231c35ff2dfe49865e8f8f4e9d73baba53cf0b82c95452a8aeb460f
2018-09-02T21:34:18.140+0200,0x005e3d515231c35ff2dfe49865e8f8f4e9d73baba53cf0b82c95452a8aeb460f
2018-09-02T21:34:32.940+0200,0x662342388b228445e64866f02fe4f67044ab53877b4786ed6d469ba701f8cab7
2018-09-02T21:34:33.189+0200,0x662342388b228445e64866f02fe4f67044ab53877b4786ed6d469ba701f8cab7
2018-09-02T21:35:02.604+0200,0x5868b57797f8c4686e5eb8e073b057bf6f4338195fc6066f21451e12657d64e2
2018-09-02T21:35:02.769+0200,0x5868b57797f8c4686e5eb8e073b057bf6f4338195fc6066f21451e12657d64e2
2018-09-02T21:35:02.840+0200,0x5868b57797f8c4686e5eb8e073b057bf6f4338195fc6066f21451e12657d64e2
2018-09-02T21:35:17.424+0200,0xf89244b391d68d5fda384568ba30bfd52ca0a0c1b0694f52ea15ca9ebe24995b
2018-09-02T21:35:17.702+0200,0xf89244b391d68d5fda384568ba30bfd52ca0a0c1b0694f52ea15ca9ebe24995b
2018-09-02T21:35:17.853+0200,0xf89244b391d68d5fda384568ba30bfd52ca0a0c1b0694f52ea15ca9ebe24995b
2018-09-02T21:35:32.121+0200,0xd7b812825928a56ac9088e4a565b3e1db43655bce201da4ac467ed961efd3d0e
2018-09-02T21:35:32.166+0200,0xd7b812825928a56ac9088e4a565b3e1db43655bce201da4ac467ed961efd3d0e
2018-09-02T21:35:32.355+0200,0xd7b812825928a56ac9088e4a565b3e1db43655bce201da4ac467ed961efd3d0e
2018-09-02T21:35:48.535+0200,0x6ca0b57239488c2540d8839ab8286bd9a956b1be4f48e1de16b00e3a874fc08a
2018-09-02T21:35:48.738+0200,0x6ca0b57239488c2540d8839ab8286bd9a956b1be4f48e1de16b00e3a874fc08a
2018-09-02T21:35:48.807+0200,0x6ca0b57239488c2540d8839ab8286bd9a956b1be4f48e1de16b00e3a874fc08a
2018-09-02T21:36:02.108+0200,0xc8dad414214ea6d0690edb74551651bf757ea98bd9a82983940b86e815dc71df
2018-09-02T21:36:02.229+0200,0xc8dad414214ea6d0690edb74551651bf757ea98bd9a82983940b86e815dc71df
2018-09-02T21:36:17.124+0200,0x3bdb500a06adfc954a54c1855d8008d656ad5cac18ba4404716dea30e70ee6e7
2018-09-02T21:36:32.322+0200,0x9d5cf04f7694e748a969b097d84366f636135cbe6242ab7ef77cf8dacc1e88aa
2018-09-02T21:36:32.499+0200,0x9d5cf04f7694e748a969b097d84366f636135cbe6242ab7ef77cf8dacc1e88aa
2018-09-02T21:36:32.714+0200,0x9d5cf04f7694e748a969b097d84366f636135cbe6242ab7ef77cf8dacc1e88aa
2018-09-02T21:36:48.372+0200,0xb52bb5a07c2556a8b009fb8a8a2ba8507a9f1e8f923ec9d0cc76513321a3f449
2018-09-02T21:36:48.483+0200,0xb52bb5a07c2556a8b009fb8a8a2ba8507a9f1e8f923ec9d0cc76513321a3f449
2018-09-02T21:36:48.612+0200,0xb52bb5a07c2556a8b009fb8a8a2ba8507a9f1e8f923ec9d0cc76513321a3f449
2018-09-02T21:37:18.744+0200,0x0c7b058324195d4177efc07712eff98e5a6e4f200298468b4e7bf565583e4e41
2018-09-02T21:37:18.769+0200,0x208781742d8e08c519f65377b370cf57896cf77a81833eb545634d9479dbfbfd
2018-09-02T21:37:18.842+0200,0x208781742d8e08c519f65377b370cf57896cf77a81833eb545634d9479dbfbfd
2018-09-02T21:37:18.924+0200,0x208781742d8e08c519f65377b370cf57896cf77a81833eb545634d9479dbfbfd