,Unnamed: 0,LocalTimestamp,BlockHash,Number,GasLimit,GasUsed,Difficulty,Time,Coinbase,ParentHash,UncleHash,BlockSize,ListOfTxs,ListOfUncles,BlockType
0,0,2018-09-18T15:14:15.080+0100,0xaf2426c2fb81c3c2b2d0a392c96c75b74abe38c1ed27be90d89afbf796e682fe,3010218,7321026,120488,2,1537280055,0x0000000000000000000000000000000000000000,0x21643abc6aa4960ad6f35dd1bc27b115d2729e44ff63ffbdf8820a9b18669114,0x1dcc4de8dec75d7aab85b567b6ccd41ad312451b948a7413f0a142fd40d49347,956,0x1c2646e4750f7e99f219c1f36471069baf0641ef0c5d805ed22c619355c1d156;,,Main
1,1,2018-09-18T15:14:30.111+0100,0xc26739054129cb52d2af2ca384da312249ee1f86893cdadb962ab56e0d5a68b5,3010219,7314054,2527892,2,1537280070,0x0000000000000000000000000000000000000000,0xaf2426c2fb81c3c2b2d0a392c96c75b74abe38c1ed27be90d89afbf796e682fe,0x1dcc4de8dec75d7aab85b567b6ccd41ad312451b948a7413f0a142fd40d49347,10150,0x4b56668a5517ea3486887a3f742d2864a9f1910f5a344b348f1f2389c576bae2;0xaca8c9d33e9a39a4ff05503f37ec7914afa9827ff0bd2e07e2339d8d599a7e9b;0x05897e261fbd176b978acea0a0e4a383d022b8f3fe51e9d2ec4eac7e44c52081;0xd155bbfdd140d0dbfa51a4883169ea0eb8737c9569a71293bed3f6a86bd6948a;0x6862b7e1460ae39009d46b42fc11ed29f3a747c3bb5ca8095939bf5c99da754f;0xcf40bcd27ce3aa9cf9379e7f8ce1234cce2cd7a571f200e4921dc2e2c9553f93;0x5c5812f1d9eaeae5482429ec7ccd58dbb3407b67fc011cd527ac1b3cab83b5e6;0xc4b41290eeb48b9c37c2c9aa70e88970c6b9c78c282df555bef31e1bb347915d;0x35bf58b13d94d44c7755171d564b334e4729a58b13a9ace8482a2d35bd49448a;0xefc2726c411da37776e15373e99bf46a0561f778a14f48226005e798a724f6c2;0xacd8eddc5797e073ce7d67f84305559139ac40917f80ea9848b21f23a72a44ad;0x04e22f589b7d6783406e1e1aec218a26f4873bc6d776b40846e6eaf955fa0da1;0x78cfde04a407d4bbfb53eac0d802346ddadad91e568024b3fbb83b5e00137ebb;,,Main
2,2,2018-09-18T15:14:30.293+0100,0x673969cfbca01b6ac5622f8e17e7c67fc07081180b9736234d30581c812e837e,3010201,7333514,3860988,2,1537279800,0x0000000000000000000000000000000000000000,0x8214ad1cc39cb7fc388625321b71f257a8667ff55b35aaf7a5838b6446c63738,0x1dcc4de8dec75d7aab85b567b6ccd41ad312451b948a7413f0a142fd40d49347,5984,0xa85d6d9d7d1e06a9e40771c5802107761964b78191dc3d603dae9838f703c178;0x3db53b3069d19f2390af706656bd5ada200484eff42fa6df3991be7d1c98c38b;0x81e84503e697efb53d90ea6a019fa2fa6033176b8573966347a4bacc9431198d;0x142cd55a57e27e7e8ef100dbe46f9e76431b80ffd8c19b7f6014b9005ef54352;0x7574a3a1d8167c113fd97826583c26fe7ad4c4548638440105ac00f44d131413;0xff2c80ee3ff18f2139f82cab0f513df7b51f76b5770b43ad1429317ebffbdf0c;0xe2807d3c45fb0a5865547dd7b6c0e82ccc5c52b1b89e025b352fa1a90e5e1e1f;0x4f7d1d8bb6c3c0572cc28f440bb2e9e44735fb2ad4add9a092a7bf771a53ef39;0xb16c67b7d76000af63402259c19d0f072dc508f51f9afccf4c691d79c6e8d9cd;0x5d64644d816f657405323a7b8f290280ee302a648b82d59ce3d921f80cd2dfcb;0x73a3b2c3bdde7c88329f6560001fd495d5be1729295916147e31f65f2e0167c3;,,Uncle
3,6,2018-09-18T15:14:45.063+0100,0x53e58f5a63a69ccf002330886822c6d1a98251fdad5e8ff7dadf609f131ab911,3010208,7332672,2728545,2,1537279905,0x0000000000000000000000000000000000000000,0x2024a8611ad69b79063def151e4aed89e50e0731f47d382b038badb78bfa8bd6,0x1dcc4de8dec75d7aab85b567b6ccd41ad312451b948a7413f0a142fd40d49347,7224,0xc8d1539b768cdc9a166ef807e282212093cd2acb1284bd9ecbc555d54454b243;0x3e3537ce092331c81bcd251b082cee7e34bdd9c3f42ba367dc37fd920b941cc0;0x325a4b667b0aae6df4859647bec83a6260092da862d89d1d5fbfc9d5cecc3155;0x915aeb312538c39e847ab5153c41779c4a1adebbee00bc56ee86231b62cdae15;0xee7f6665427d0c97180e3d7b9d41bde5c39934720f401759096329180bbed6f7;0x1a9e48b12b49903fcd6405f6856cd99e8d7b674c704d826a24ed51020f92206d;0x4e11eb15deb64187eae975402574b1e10f987482e691c056c34946c2396548db;0x2df96eb5a0360d025dcd645274c0e65e1ba497ffb530d792d72714a569a9de9e;0x77bc10012e568c9d001d5874cfe07f22d39b9d7fec550a6aa0fb89ecdd46e2b5;0x1310ba9f5203776076eb51e8849a1bf33cc837a2a2af999833a815d64fab61e7;0x9ac3a56fac652c9b2d435cb636817eed20ec15743a39a6d09e029c20a1699cc5;0xabfa8d27b5a6e9bac9fc689320d256312c8e570f426e084260d3536da7278625;0xde5bad5fe86528f17747ad5986a100228dc20f94aeb0829be00cd206c3861b08;0x46427f344b5a0aab3db2a96c612fe3dfe8e32daac4ebf0191352910f02c25dbf;0xecaa3f36a32afd31bac5791145bd1eb2d00a6c21fbbec5ef4aa6918a50697351;0x7e937a097f31fcf7b28378027fa89c19f7e9f7d74308e366890796da1128578f;0xc836070886f4665bc0c3aa1af5c85bb68447368e79d2a8be8adf07091284e15a;0xb14db1546b2e2dcc9c6ed6233ba8c2745c4346fd24a9b18279211b87df3e2f36;0xe36a2169720302d3bbbc0c5280f4588765f3d7aabb06bbdd618fe04bb6ed4946;0x769bb720321eaa70c00591020cc67e2f3bada38cc43e6cabf9441853484c6e04;0x4605a7d5fb388d65b67d4ce7dabdae565efc644eebf8e918dea9c80e20aeae46;,,Uncle
4,7,2018-09-18T15:14:45.303+0100,0x709ea985c5f46e6602e7c0a07c228000b3a1e1d6c0b72a19d1734d0b780dea30,3010220,7310615,2930149,1,1537280085,0x0000000000000000000000000000000000000000,0xc26739054129cb52d2af2ca384da312249ee1f86893cdadb962ab56e0d5a68b5,0x1dcc4de8dec75d7aab85b567b6ccd41ad312451b948a7413f0a142fd40d49347,12476,0x056428a7d0448b0c5f5cd652352f0dae8df82e3c2309778e626ad10a511124d7;0x2dd738f7613520ee57c9e4636be894954dc3bbb8b50e0984cf4ab198012f72b4;0xedd8efbc9a71570d2da9a1a181fbd0a0b2f54042c248c394df6a1f24d54fabe1;0x294e0af95390ed3df45b5f2c0c4a3d6cc74619673b1174cb8a3b6b6c6964b900;0xa58859d18420ffdebb1dae6c9f740e3d63f395d6cc0055614d113305a694fc17;0x1ae6019ccd021952f9cea4489700cd7a841bf3a5bf54ebb29ddee07a0a1ffaff;0xb33f9f73b22457911c4b6d6152be7f00cc97de3cd5a1b98917b78d3b7b4e28bf;0xeb269d0eae340d9cbffeec45740df4cc98a50a1a78c440dc250fbf26797f2178;0x8dfaf6d201f272ecd393161e6a25cfce95ecab4c6acaf622adfad12c3957150f;,,Uncle
5,8,2018-09-18T15:14:45.123+0100,0x834441c3d1a378608f47f63230766f224b3b644161369a4d4840a46b191e586b,3010220,7321195,2904941,2,1537280085,0x0000000000000000000000000000000000000000,0xc26739054129cb52d2af2ca384da312249ee1f86893cdadb962ab56e0d5a68b5,0x1dcc4de8dec75d7aab85b567b6ccd41ad312451b948a7413f0a142fd40d49347,12305,0x056428a7d0448b0c5f5cd652352f0dae8df82e3c2309778e626ad10a511124d7;0x2dd738f7613520ee57c9e4636be894954dc3bbb8b50e0984cf4ab198012f72b4;0x294e0af95390ed3df45b5f2c0c4a3d6cc74619673b1174cb8a3b6b6c6964b900;0xedd8efbc9a71570d2da9a1a181fbd0a0b2f54042c248c394df6a1f24d54fabe1;0xa58859d18420ffdebb1dae6c9f740e3d63f395d6cc0055614d113305a694fc17;0xb33f9f73b22457911c4b6d6152be7f00cc97de3cd5a1b98917b78d3b7b4e28bf;0x8dfaf6d201f272ecd393161e6a25cfce95ecab4c6acaf622adfad12c3957150f;0xeb269d0eae340d9cbffeec45740df4cc98a50a1a78c440dc250fbf26797f2178;,,Main
6,9,2018-09-18T15:15:00.142+0100,0xccbcdff2f9f8e747f664b734a8b9b3a1504b6aff8a095fa1b22fd0a485077456,3010221,7318302,333567,2,1537280100,0x0000000000000000000000000000000000000000,0x834441c3d1a378608f47f63230766f224b3b644161369a4d4840a46b191e586b,0x1dcc4de8dec75d7aab85b567b6ccd41ad312451b948a7413f0a142fd40d49347,1219,0x1ae6019ccd021952f9cea4489700cd7a841bf3a5bf54ebb29ddee07a0a1ffaff;0xafb23503d1fc0a665aeee99025ec7bb7e0f826552036b504a0919a12415cd2f9;0xcfb353311190d8585e2dd9c168766a9c45d9661846fc0fa723edb16f5e53a372;,,Main
7,11,2018-09-18T15:15:15.132+0100,0x60866ffbc06a38bb1c4263c3e54a45877a21eabf89efd6d6d41d73136fb043c8,3010222,7325447,3773971,2,1537280115,0x0000000000000000000000000000000000000000,0xccbcdff2f9f8e747f664b734a8b9b3a1504b6aff8a095fa1b22fd0a485077456,0x1dcc4de8dec75d7aab85b567b6ccd41ad312451b948a7413f0a142fd40d49347,15250,0xbdaaeb24a66543781d6d8fde5ef88d36c26d37f676799156e8abed2bf852fd56;0x7450e010596eea8e6735ee1bd730d610ac4cc991356518dbdee10b80f7b92dd5;0xab4ba1511e2320ce05f82c8fb00e0f5493e52d6a8929a516b566cb8f005bef74;0x7cd4a46b33e75a96f04aa32942b2f0b10a590a35d8d0f376997032d5f18a2165;0xa4491e8179d96051a6e2e7b452c95faa967a995e0eea040c7a2f50fd99ee62f4;0xa38b052deb5f703b4cfb802995d93914fde548c913ae91180fef62db765e3675;0xa08e09a04733a5a53eec916e37163dcb42e8531dadb76d788f1b392709ea4572;0xc148c5d7dc03352c1a25c74efcb93b34c5a4206ae24825405f8d776eb87434fc;0x6c86dd648ae28d99d5d22117bb195cc24aa823881a93255476e7231ba6c59218;0xc37ad54a4fb9e63027fb7679809ea80f4f3e8430ddc5aa2f218968109f553fd8;0xab4a7860f5757a18fc84606f2c0a7c95a9db7208e4261c595c209f1e209547f7;0x3287742158936403e7e66b5d0921d792db08c3ba5744c976e4844626e1b09527;0xeeeb425081ea15d5138f9d1ebdec6ad39aa8c39fbf3c44c479403ba3e4857c57;0x06d7dda2bdc8ca224ae937788061b9e2de7be1ae13cf645e5188fec678da5394;0xac6769676643ed52b96b031dd9e32c93c9d5356b1f20bbd52d22d43ab756a0eb;,,Main
8,12,2018-09-18T15:15:30.207+0100,0xe0e359c20eeaa56af8c51fd8ffadc7d06b458db4480d7f5401b15dc327ec8c40,3010223,7323823,1843504,2,1537280130,0x0000000000000000000000000000000000000000,0x60866ffbc06a38bb1c4263c3e54a45877a21eabf89efd6d6d41d73136fb043c8,0x1dcc4de8dec75d7aab85b567b6ccd41ad312451b948a7413f0a142fd40d49347,4926,0x1d15daca7d5c777df9ec018d7ab82d348f4c16200512d90b873bf370f5e893c0;0x7ff9175910f069110f18ff3c976c96c156552d742f8d8ff7b0cc92123bdb36f4;0x0f6445d4f04b26460c365383cc9e69c6aa487daf52674a1f1c3749fa8a896576;0x353e1adc77b4893db6db0049b37fffc6688c6640daddc3dd3402f0a1f67b2f25;0x25d6db40be932a8c63eb69e402ff662b3cf58903d0ab75f69800b3158eee5856;0x9c25108eb77d22217a334273b0a8dd092b6cc3abab676d6fc7da4bf67e54d311;0x9834952f89ad4857208652294ad250b96028c1d5eb1180b57472991c14806b75;0xbed250367be6af5b8d4ef182fa4b23655707d091477fe628ff143c43488263ef;0x71c27b8a5cb4f19e37a4cfd483b76e7d52c8a3c50e721fe6ed734ede10521859;0x1a50641e61aea066c8988341b814bf976252a82c8e594ad725c64341aba566a1;0xee08f873d9397aad5b3d1789d03e79c6dc3e6719452a96c3c5ef829e7f40cb12;0x051f8e01331236beadcffc3e0c292e5c374d890a8926325a60cfdc87bd6273bd;0x332fac0ee4858284ffae940324fce978245de95d46c7c88a898cd1b7c0bc5df1;0xe5f14a6059366604efcad204cea9a5d949eb265085b085548ffc378b36d8a945;0xf88c69c849264c6ca61b1da001827bf4cf492c81fcd37542575074e65dcdf19d;0x7c16da065b4ca492165c550bba24c159927c75a82ac06b617eec4342381624bd;0x80aee4516479a000b2be70ca69b9e411e0f125cfa40eb5b1f3a506f071e9f59a;,,Main
9,14,2018-09-18T15:15:45.166+0100,0xb130faccd28edd68e52fec39f0b705adbccc964e8cad4f23b8f4bf0813db2ed1,3010224,7319372,1439100,2,1537280145,0x0000000000000000000000000000000000000000,0xe0e359c20eeaa56af8c51fd8ffadc7d06b458db4480d7f5401b15dc327ec8c40,0x1dcc4de8dec75d7aab85b567b6ccd41ad312451b948a7413f0a142fd40d49347,5268,0x85228510c47bdc0eb76ac37a06dfb82d3d34aa51adb6af2d54cc567a08d50787;0x786b9b7f5a592cac6788d45b374e8967b69d8f6e8abe7249f29334058636bd25;0x46fc992232e878290abee3612dbacdaef6e90d61a6672689736d66234968b9dd;0x96edecd0d2d704d34d27ee74f1014d004ec2a1f7067216a8b7fcb9828d17a9c4;0x352c6fe3e8fe15768dca6fd1a85d896d3de0d24c8a323d16ffac05cf79e17233;0xf18e99762c6d0adc03ff88ceaaa603a2a672ccaebfe3e727a3818096037203a1;0x68723087c0dc84b69a42f2255496cba9ffecfff805d69781d3cc7c9262f15d48;0x9dc4514e5852930bdd6f70bc324a5c895cbc81d1ab72731ba1016eee18c9acba;0x3e1b6be024a074445247528b5453acf779603fecc4cc470fae005a7a43769dcb;0x68dd1873cc0bed31f85c31bc0f564ee009ca66b917ddfd4bcadab2b68bad9711;0x529d8b4e2d906533089e9fc1bf8b683d20a720a786af9ea615750f1f9d9543e7;0x3e785873be35edc186e7ba2d743b6a77c46187dff06f93b4284e8e8841343cb3;,,Main
10,16,2018-09-18T15:16:00.085+0100,0x7dd1e65b17e50df2b5e22b118a452c5b7364bceeec077ebd822fd6693b299ed7,3010225,7314334,921094,2,1537280160,0x0000000000000000000000000000000000000000,0xb130faccd28edd68e52fec39f0b705adbccc964e8cad4f23b8f4bf0813db2ed1,0x1dcc4de8dec75d7aab85b567b6ccd41ad312451b948a7413f0a142fd40d49347,2006,0xc126c4915ccadffb97dc0f6209b7e0a43b0a57189bf09a504f7c397348651371;,,Main
11,18,2018-09-18T15:16:00.147+0100,0x0a75e4219e379a432515868819594d6085b75e5706b9fcc4a9dc931768b82ee2,3010225,7326518,1158848,1,1537280160,0x0000000000000000000000000000000000000000,0xb130faccd28edd68e52fec39f0b705adbccc964e8cad4f23b8f4bf0813db2ed1,0x1dcc4de8dec75d7aab85b567b6ccd41ad312451b948a7413f0a142fd40d49347,2942,0x9745d0c0a56aeb52911fbe450d7f8a514371144ccfa82d5e6621902d80cfa0a6;0x0d7a7a4b9ec29f1a6585891bb9e66ed027b5f13c3d3de536aeaec66fcd6957a0;0xa2ab225828c2b4ae09d6ea204ca2b914595e5d44235d891b369c6059b9c9cf4f;0xa595eb1d0f6d70938915696847c904ca6829c04a06742582174c57edf955da42;0x60a8ddd9c0a31666449086445096635dc121a695cc6ebe90acdc2d8957bef74d;0x354012bdbba21468a768bbfaeaa3619f2f5a2418dbe033a6c5127be2af8241ad;,,Uncle
12,20,2018-09-18T15:16:15.147+0100,0x92624c366ecefad1a1391600bb5129f2dc5ebd3c240fe04da1774580d88e6406,3010226,7308542,1476031,2,1537280175,0x0000000000000000000000000000000000000000,0x7dd1e65b17e50df2b5e22b118a452c5b7364bceeec077ebd822fd6693b299ed7,0x1dcc4de8dec75d7aab85b567b6ccd41ad312451b948a7413f0a142fd40d49347,5630,0x9745d0c0a56aeb52911fbe450d7f8a514371144ccfa82d5e6621902d80cfa0a6;0x0d7a7a4b9ec29f1a6585891bb9e66ed027b5f13c3d3de536aeaec66fcd6957a0;0x7362f7ffd6934f5f047d7f82f1c277df4e0841a46724bc53d152c97c345c1e66;0x60a8ddd9c0a31666449086445096635dc121a695cc6ebe90acdc2d8957bef74d;0xa2ab225828c2b4ae09d6ea204ca2b914595e5d44235d891b369c6059b9c9cf4f;0xa595eb1d0f6d70938915696847c904ca6829c04a06742582174c57edf955da42;0x19c7bc0b25c43a414d8fafc5787449468f74d42132179c29e38ec0d291cf0a66;0x354012bdbba21468a768bbfaeaa3619f2f5a2418dbe033a6c5127be2af8241ad;,,Main
13,21,2018-09-18T15:16:30.279+0100,0x1e5d75f9b2d8505b5408d4f4683a1684d17e73ca482e82d5beae1013e757c14b,3010227,7315678,1520234,2,1537280190,0x0000000000000000000000000000000000000000,0x92624c366ecefad1a1391600bb5129f2dc5ebd3c240fe04da1774580d88e6406,0x1dcc4de8dec75d7aab85b567b6ccd41ad312451b948a7413f0a142fd40d49347,5257,0x561b6550d040936d3b979254666312a03247c3653a1808524a5171b59b30452f;0x3fc4b6ac0cbdaae6c2df5bbba4c5af9e9f58f9137fb359749ea308e8f6aa53f1;0x6b38f978dc53d4cd598be2da271bdfaebac89d203b0c313202d8cae57c7b40c4;0x7e2095a02eb1f84b6b5d55aad9c0d34c2f240821605ab2d28af273052d364897;0xf0de3b8cc8ce87116e2cf343ac6f1c1f84825f3fb46bb73cad6df5447a543e75;0x896cc378f8e2afa83610ba1e1defd7efa6ac965a89280b38075a528a8d70fd5f;0xe59d12c6bf56c6743932a222e6121f4ab8ecbe4f120d1908f201b60265182fba;0xc9207a2cd2481e0512a41ef1fc5f70f552e504dd377409852e5df725f173b7cc;0x0640c4ccad741ffb7315adc7702fc30725df25bf7ea8c07da27339dd7418cf91;0xf701c2f31ceb842067d35e9f26c9cf3f8a87d44968bb612c8ce6182c68cb714b;0xbabaaf831804e1aeb80905841cac26f8edd96440e4b54edd34c93f69bf641c80;0xdc3a606cd85451dba6f91384cfac4081a625ed880e64406ab0f0474fdda8f2e9;0x5afa2c00e59bc0f497fe0ac7cd97a399a86a1bb51bff8f18e70fde3432c06fb7;0xd103c40e8d30fcb8421c1f4d3c33d65efe62916311b734e1f6a0573d040dd67b;0xdf871035e99ed4e7eb9dc3f1379a16b9eedd011f457676f63a6737c975b9a043;0xd1c4b48780a6a72daebaf6fde7728f3b8f1eda6e8dda13bdffa87a1b075bf626;0xda82a4e236385cee55efbfecee9fd0b1da75a45e98c1e0200e5c169f4b1bb509;0x3b73e4a9db1c8f70b998e1749d8d2346213a6beaf8f9ed43ef4697c3e77027a3;0x08f505ccfba3a3eb2ba1e7232caea51cb83205992aec33b60fb4e85d5244e424;0xbf9b1aacb5a4e8e0c07702dec12cc067f2e4126b99486aa55999813e8d8d1d3a;0xbe79fe0c22999d975bd29cd31a2b7368d6e25fe0ba412f1df4a8f83c8fe452af;0x0d6fe7fe5d8fed54faaae05e7f0435fc4c8156890efd448326da49b1c26ecd46;,,Main
14,22,2018-09-18T15:16:45.135+0100,0xcefc9f0b5df210d2508ce53578e98f42a86f37bcc7fcadfafe9448229ab936b7,3010228,7310761,2448933,2,1537280205,0x0000000000000000000000000000000000000000,0x1e5d75f9b2d8505b5408d4f4683a1684d17e73ca482e82d5beae1013e757c14b,0x1dcc4de8dec75d7aab85b567b6ccd41ad312451b948a7413f0a142fd40d49347,8332,0xe2ff38a159196654eb23ea494b3c34580faa5421b2c99987b6f9d681d1b3875b;0x46c48b8ea6ecef02a8d96512f30b41d30b2b0eb1f8be5706335b29faa2f5698f;0x6e501318683746d2cd43e7deb2328682cdb849efc35d6d6dcefa82d22f120f73;0xa51220203cc6dea57139584c5cdd66085e166aef58e8a25a806b9d5974ce438b;0xd55da777b59060853994824346e60164349ac504b68cdd017f604609cd633b85;0x1bb667dd98d116b6c790e235f20e7c01948edd0afc9a0a68319cfb517b2bdfe7;,,Main
15,24,2018-09-18T15:16:45.275+0100,0x7f26ae3b63a2283644964f1eefdea71964110009b0c95f6712593f9f58023269,3010228,7310761,4116049,1,1537280205,0x0000000000000000000000000000000000000000,0x1e5d75f9b2d8505b5408d4f4683a1684d17e73ca482e82d5beae1013e757c14b,0x1dcc4de8dec75d7aab85b567b6ccd41ad312451b948a7413f0a142fd40d49347,13952,0x441a12d65c257b1dd53b316c441b767b9b37e60992ac542208bd881caef40a45;0x258227bc014b8d7a8cc28d7fc7f4608dc80516652785a8169c30a3cb03ca3cb5;0x7ea08ca1ae7618cdf97d59949b4365764dd1e13b6c9f2412b86ceaa470bb1693;0xe2ff38a159196654eb23ea494b3c34580faa5421b2c99987b6f9d681d1b3875b;0x8da5ac48179720b36985e840ffab97ff6513e3d521675c6cf77d5a3a13b4146f;0x79ac24797aea28342f8ce3cbd2c4ee69ddbcb8f3f2c2384633a63e2501d961dc;0x2a489da6aeb182c333f594e4af246ffa3f6cd7a0f380751ad60f21b1ffd3449e;0xd7fdc7dc5191d215e1ad623f89cf89b2073cf09f3a6c3c4ea30988f896f76ffc;0x6efde7a8a2c09e76da7ae63cf031ef426c694c1b461fdaea155b142742e7ffaf;0xf54cd49f64cfdd251984c1e03e3e7ffc8a4688343b06b2dae198c8609a792e2f;0x15d55aa84059b448a97cedb3920fa3b913d9eed4372c30b22d35afa7b5dc949f;0xd615105070c1464e90d5e3a356adc51ff5e71730cb50b2194b6ccc87734685ab;0x6d808fe391c38f85ad21939660cbab964306657e7f3f4a8290b0493c67a8a846;0x46c48b8ea6ecef02a8d96512f30b41d30b2b0eb1f8be5706335b29faa2f5698f;0x93a96f4da2312f39d36c685885d376dbee460e0e106a410deb19d6485e02e53c;0x3c65834e66ab8a26372bd5acc82a4cd4b31b15755cb5916a55c5012571766103;0x1af3ae67c4e2b638868a39421feff89e5e8c222addd4c84dcc6a870a32f08935;0x9cca906476f559d0b8c757278a46dd0795beb00afc13b12303ccf069ae0ebe48;0x1ccfb7e4f26dfb4910af477a3f8da1bc8436aea28f48d27f891891f2aba26544;0x0c56151381988a557c7880d96faa2bd7d9e0df47c2e93c3d2e6f16b03c5ec1ef;0x6fb4733120c885d3fde4f99a2b33285cd55fb7b268d351f20b35c3aeec67ddcd;,,Uncle
16,26,2018-09-18T15:17:00.215+0100,0xda22aa1517aaa288638b703de1ed07e746d9837b3c0ca05873bf0b3fa89fb9f9,3010229,7317899,4515290,2,1537280220,0x0000000000000000000000000000000000000000,0xcefc9f0b5df210d2508ce53578e98f42a86f37bcc7fcadfafe9448229ab936b7,0x1dcc4de8dec75d7aab85b567b6ccd41ad312451b948a7413f0a142fd40d49347,16612,0x441a12d65c257b1dd53b316c441b767b9b37e60992ac542208bd881caef40a45;0x7ea08ca1ae7618cdf97d59949b4365764dd1e13b6c9f2412b86ceaa470bb1693;0x258227bc014b8d7a8cc28d7fc7f4608dc80516652785a8169c30a3cb03ca3cb5;0x2af85069ed9589acf2a0d6743da79663d2da34b2de46a8370a0c476c6ba167e7;0x93a96f4da2312f39d36c685885d376dbee460e0e106a410deb19d6485e02e53c;0x6d808fe391c38f85ad21939660cbab964306657e7f3f4a8290b0493c67a8a846;0xd615105070c1464e90d5e3a356adc51ff5e71730cb50b2194b6ccc87734685ab;0x1ccfb7e4f26dfb4910af477a3f8da1bc8436aea28f48d27f891891f2aba26544;0x2a489da6aeb182c333f594e4af246ffa3f6cd7a0f380751ad60f21b1ffd3449e;0x6efde7a8a2c09e76da7ae63cf031ef426c694c1b461fdaea155b142742e7ffaf;0xf54cd49f64cfdd251984c1e03e3e7ffc8a4688343b06b2dae198c8609a792e2f;0x8da5ac48179720b36985e840ffab97ff6513e3d521675c6cf77d5a3a13b4146f;0x15d55aa84059b448a97cedb3920fa3b913d9eed4372c30b22d35afa7b5dc949f;0xd7fdc7dc5191d215e1ad623f89cf89b2073cf09f3a6c3c4ea30988f896f76ffc;0x1af3ae67c4e2b638868a39421feff89e5e8c222addd4c84dcc6a870a32f08935;0x3c65834e66ab8a26372bd5acc82a4cd4b31b15755cb5916a55c5012571766103;0x9cca906476f559d0b8c757278a46dd0795beb00afc13b12303ccf069ae0ebe48;0x79ac24797aea28342f8ce3cbd2c4ee69ddbcb8f3f2c2384633a63e2501d961dc;0x20fe2525466d5f471c4dc7c3006b355e54e952fcf96fab806d86850d1216d1db;0x885b75545473c411614589a421ab421e79eb40a92639c09c001b3e169b776e84;0xbd63350fdfb8753fab707fe2c38ce54ad508b50011cfa130a01b7a7360680201;0x0c56151381988a557c7880d96faa2bd7d9e0df47c2e93c3d2e6f16b03c5ec1ef;0x6fb4733120c885d3fde4f99a2b33285cd55fb7b268d351f20b35c3aeec67ddcd;,,Main
17,27,2018-09-18T15:17:15.208+0100,0x0476a4318cd35afa51f7357e3977ebd281cb06e8742f53a7d1c9cca3b5c54620,3010230,7317368,3022772,2,1537280235,0x0000000000000000000000000000000000000000,0xda22aa1517aaa288638b703de1ed07e746d9837b3c0ca05873bf0b3fa89fb9f9,0x1dcc4de8dec75d7aab85b567b6ccd41ad312451b948a7413f0a142fd40d49347,3507,0x101d41eb66e6b63235d74d2105b926e6bb9392653174daf0239c75434e50e8a0;0x582791a89595128d2910f03e4f1d49da07de0c2ac86bb40fbb422a40728ab27f;0x1ddaaf32a4cd85501fd9557bcc65d5fcf2afd03e46502124d72df1db88e44031;0x64671c7af0fc3d0ffa49b9c90c32610285cac683a9bebe37959be9770723eaa0;0x8285edaa9e3ed731f8ff8dc6c638df10b34c9f32aa6ff7b4966797626e87c00b;0x286b6268b002e44dc4a51c52857b1c56aab2fee6e8e71c4b703c76b840967bdb;0xf7761e8faddb487e1a2ca4bafb9b4db654a2bc40f7fecf8e5a8b96b3802f5972;0x8ba6ba2621ae63acde53f65b9747e3f486d424b1136fc14488bae7f1953b8ea0;0x93f50f4546c225f7356fe7b93ed90168eeb38fda11c8faf0441899baf2d587c3;0x3d5feaf1e0d00d84544a63afbf79e95799e5052050286c61f8a664f0318ace99;0x2a874e762fefd65939a9baba04f34223cdc079843994fe775a25cdb318df03b9;0x3bb533f2723a91d4ff4ee3e133c0ac9938ea19b97827bab9a41d1426f265cb41;0xfb4612860c48943322a0b81e21b90eb35aa12e2ead8fd67cc59dabd82ba2454a;0xcd678b40208b635a0925fdfd9c68ffc3abe233a642faf15fa94d41e31dd53587;0xcf0804a60d2fe9bc46b82b1faf38bab024b301d93f4df805c280a7553774164a;0xc692fca2236e36a82a67f9c824c04cc5204557227898a93cb791bce48de1044c;0xf755a5b96148c90db5ca4f3aa0e5e08db119ffbfdabcc5cf517a63dafe2fa2fe;,,Main
18,28,2018-09-18T15:17:30.074+0100,0xb725418b831e15dc58a9fb28d3929fe32d69570aafe71c7f5952378f184c5378,3010231,7314651,1024662,2,1537280250,0x0000000000000000000000000000000000000000,0x0476a4318cd35afa51f7357e3977ebd281cb06e8742f53a7d1c9cca3b5c54620,0x1dcc4de8dec75d7aab85b567b6ccd41ad312451b948a7413f0a142fd40d49347,5543,0x2bb79faf51a30de8907d565611f924c92048e7fab724ee541992b3a3abf1cdd4;0xb7194fb099177af6376f8bcafba8a8b69d5d0f4b6f7e1a6a256c64b53f23a997;0x5f99c5fd0f92054775f7db1820fa733b030a863c8ceff9468756b2d415c96e26;0xce4d93991f0aa51f1e69de592d65988980e7f973ba91594d224b9234e38ff960;0x6a673a04682e7d6c22039d23a80ee93057d4377c96fe9b3e969ca53158f6088c;0xc0311aedd6bfa9ec546f07b494eee8e7aeda800527428db7ff1f3dbef1a22f7c;0x1bc0055b162f54a2d1ac40821e609d5935f02154e649dbbc515ff507fa1c8a48;0x045c88122f9bfe2e3a071eb00023f9706fdf2ff4a75a0443137dcab437e2b57e;0x63d4f49cc6b2bec6c57bc10a9bb548aca6ad19d395a0de3c7cb7fd5a289602b3;0x3fff93701b6c5ea3fa53e5814cec7b6f3caea7f73febf6a5237a1d1fc32cd7c8;0x8ae4c49d9d4f05ef8fadc1b4dfd5fc56ee9f5fb9765a038819f7b9682ffbd726;0x2d2e87d12e51b5384e5bf2a185fed92eaa7161e88d1d3503f5ba5a3369206f4f;,,Main
19,29,2018-09-18T15:17:45.126+0100,0x7c54a0a21f7af16a532f1e101712158941a309c7ec75982d4212b8871bb38f81,3010232,7309009,1099517,2,1537280265,0x0000000000000000000000000000000000000000,0xb725418b831e15dc58a9fb28d3929fe32d69570aafe71c7f5952378f184c5378,0x1dcc4de8dec75d7aab85b567b6ccd41ad312451b948a7413f0a142fd40d49347,4735,0x62de334a91308c20b5588e5a49cea9c6cfb9f696c111a8341edca6bc4e542a0d;0x4aef6bcf528e9640f75e37727d7c22d268e0b6dfd305bdb16ec3729c9c23e8db;0x7d5c949b6cd86e50ff5fe69c9988b931625b71e7fc2c23f4c3d8c328126b9a2b;,,Main
20,30,2018-09-18T15:18:00.386+0100,0x284eae04625a8d006a3c0d66de6d0409bb8d0086b4f4e7d242fe92bf21a38688,3010233,7316145,1580435,1,1537280280,0x0000000000000000000000000000000000000000,0x7c54a0a21f7af16a532f1e101712158941a309c7ec75982d4212b8871bb38f81,0x1dcc4de8dec75d7aab85b567b6ccd41ad312451b948a7413f0a142fd40d49347,7433,0x7e61b575d63f5decdb77789139c3d9138e8255a6da5bc4a3cebb4747f87ef196;0x691357e2792b8fbe239be99df01bd65292f5dfef0c80d361bb5bdbb4e8b2d5cc;0x3c434559d695b0e1035a08339ec923a5f8e3e0e6a336af9e1dfd0f482daad0d2;0xdf420be3c0b27fcd9ad6e29b9710ecaf7a633465e8ca9c952d701f03b1013bab;0xef6a84b8ced244efbe25f20dc1dcc3a78233be8ea89805d6e8de97a54af2bbb3;0xf9aa22895b8204f6c984e4390df27014fe853976ed9cf9dd153ee294d169ac60;0x70248ee701264674ea2947311e9d2981a31da32532914a105cfe6f658685042d;0xd0485cf3c2ca72df711f61279b0a06bdaac509737f41a7b1301865d61f77caca;0x6f199f811950e59231b3072a3342936499e1332133762f01174b2b8dd171c5ff;0x775e14689c5b16b803773e7b2e05fed69a19b8ac081cfe56c91ae01e7d5690b6;,,Uncle
21,32,2018-09-18T15:18:00.126+0100,0x3bd730c6a82f3bdcf1a736781aed7d698c1898b736396de522543cd95590009e,3010233,7303483,1845066,2,1537280280,0x0000000000000000000000000000000000000000,0x7c54a0a21f7af16a532f1e101712158941a309c7ec75982d4212b8871bb38f81,0x1dcc4de8dec75d7aab85b567b6ccd41ad312451b948a7413f0a142fd40d49347,7627,0x7e61b575d63f5decdb77789139c3d9138e8255a6da5bc4a3cebb4747f87ef196;0x3c434559d695b0e1035a08339ec923a5f8e3e0e6a336af9e1dfd0f482daad0d2;0x691357e2792b8fbe239be99df01bd65292f5dfef0c80d361bb5bdbb4e8b2d5cc;0xdf420be3c0b27fcd9ad6e29b9710ecaf7a633465e8ca9c952d701f03b1013bab;0x775e14689c5b16b803773e7b2e05fed69a19b8ac081cfe56c91ae01e7d5690b6;0xf9aa22895b8204f6c984e4390df27014fe853976ed9cf9dd153ee294d169ac60;0xc52abee12a406d9af086f5c4121e08e8d990c53c77b785e28c7b9a83c4daabb6;0xd0485cf3c2ca72df711f61279b0a06bdaac509737f41a7b1301865d61f77caca;0x70248ee701264674ea2947311e9d2981a31da32532914a105cfe6f658685042d;0x6f199f811950e59231b3072a3342936499e1332133762f01174b2b8dd171c5ff;,,Main
22,35,2018-09-18T15:18:15.102+0100,0x26c737dec16c602148e570096bdd4cd265b51a2e0c1335d8bb7ecaa41e091fb5,3010234,7310614,629944,2,1537280295,0x0000000000000000000000000000000000000000,0x3bd730c6a82f3bdcf1a736781aed7d698c1898b736396de522543cd95590009e,0x1dcc4de8dec75d7aab85b567b6ccd41ad312451b948a7413f0a142fd40d49347,2367,0x5c5e9f05afc559b677ff7945e7d184c4cd62c226a01bbeaa9b58f5fed62efbe6;0x53814d1252174c3fb4872fe38dc57568bce2ab20c202c30aa452567140198fb8;0x282129ab813288279040f5152ff17f667a41265b7713313ec58a0919d13d7b93;0x3da47ecc6d66042001fd51e1bdceca2d841fa4ad86ba0b79ebdd61ce1477bd81;0x74f22e9036d20f0cb7fedda90e396ed1646832261b3009433007f45934cf225f;0x2563460604316767dabb14e4337992072ffdeeb840ddab4af8399f4d73152267;0x2cb8237b5106bdec03292995dc52742d717f786a199735961ad8b739d152e8d5;0x11da8875c880bf538344a2a81372ff682383d5ab4b62d0fa1643ec9b5c3b3f27;0xef6a84b8ced244efbe25f20dc1dcc3a78233be8ea89805d6e8de97a54af2bbb3;,,Main
23,36,2018-09-18T15:18:30.129+0100,0x2adafead120b03d58f709100d7f0883917882641a2f67f32457b8685cb1613b3,3010235,7304398,0,2,1537280310,0x0000000000000000000000000000000000000000,0x26c737dec16c602148e570096bdd4cd265b51a2e0c1335d8bb7ecaa41e091fb5,0x1dcc4de8dec75d7aab85b567b6ccd41ad312451b948a7413f0a142fd40d49347,609,,,Main
24,38,2018-09-18T15:18:45.310+0100,0x8714aa71790681ca01e47505dd36cf4a40cb4c36da8af8854c13d1c993da096a,3010236,7297266,4508584,1,1537280325,0x0000000000000000000000000000000000000000,0x2adafead120b03d58f709100d7f0883917882641a2f67f32457b8685cb1613b3,0x1dcc4de8dec75d7aab85b567b6ccd41ad312451b948a7413f0a142fd40d49347,15794,0xbe0a264f10b80e552a59225e0ed95c8a4eee2d657e78172c1a217715f89e42b1;0x92bbd25b1ba27baf42dd779633c21b295c3add53bf2d1022e0b56c9ae52fdc1f;0xe71960eb4860bbb873a69e29d55ad3e163f4e401a26a644116ca52815a4a0652;0x8686f7e838b37e6be9a3c928a7ea797ff340c2a7fb18f3913776fa9807fe6e87;0x4c7a9ad68a31d97a76880c58aa8815f499371ccb38e2be4b4d019bd6b214dfab;0xfe9764dd31161cb63895b8dd7df47eab501fdaab1620f6ab7a371aa7506d98ed;0x846fa2ae835c3349cb39c1492b5761c3db478bffe676901ff15c3ac577dcaa52;0x075be0af01aac42aac787ceda3f2fe80ccc03169c7a56624f2090899a5a5a637;0xdce017a3992c08591ea2c419ca68ddbe7e1d67bf8b966be83bb8e4403cdd33fa;0xc54155e40711833b4f2e6b667d7a51ce4be007e5bd4ec324bb7e99a9d89835ba;,,Recognized
25,39,2018-09-18T15:19:00.130+0100,0x8c428d5e2e75b616fbfa9d8adfc4da70670af163c1aeb913166c1e88ecf76a55,3010237,7310995,1525918,1,1537280340,0x0000000000000000000000000000000000000000,0x50dbdea2a3c1e5b7d87561a109c47781a92e385fcda22e5148ff53a1603db3ce,0x1dcc4de8dec75d7aab85b567b6ccd41ad312451b948a7413f0a142fd40d49347,5002,0x70a69782fd3971e4dfb4f3b8a14c6dfe436c4e7689905ede2b536c2b1cbe8936;0x126065cf49f231f50459ad6d4489bb0b8372272116a118fa3907c235ad4a0249;0xf526bf03f750292d099e07ab6cec3a1802f709caeb183ce2c40bd869e6dd6442;0x7746064327e86078cf5abaa952867d3d832a2eaa26f31bb2369c4234239eb7ad;0xbea03070ab8edf05d3295f1a57c1023930b175f9fe363f6fffae5f0e133bdd74;0x0fe262d244a4369e71f33a454cff3c8fdcb9ae429d95c791f820551008e80651;0x067670fa6661df552c62e3f38ac8ec6acf214fbb80e2268cdccd4a20d7f837d4;0xe2f4f6be7605b336e48a52373a14cd53c8e13ecd956f158eff97577c2eba1a4c;0x3ce85f049723b73256c9bd3090710b268ae846af63f343dac491a8ab0eda9ea4;0xd1fc3cb08076b4113c23e67da0ddba334a78aa53ec03450e5e737251fa2fa5e9;,,Recognized
26,41,2018-09-18T15:19:00.133+0100,0x51696a47df6d7473e42d640121a701e1ecfbecd62a08e5144a9f81b3c62b967f,3010237,7310995,1525918,2,1537280340,0x0000000000000000000000000000000000000000,0x50dbdea2a3c1e5b7d87561a109c47781a92e385fcda22e5148ff53a1603db3ce,0x1dcc4de8dec75d7aab85b567b6ccd41ad312451b948a7413f0a142fd40d49347,5002,0x70a69782fd3971e4dfb4f3b8a14c6dfe436c4e7689905ede2b536c2b1cbe8936;0x126065cf49f231f50459ad6d4489bb0b8372272116a118fa3907c235ad4a0249;0xf526bf03f750292d099e07ab6cec3a1802f709caeb183ce2c40bd869e6dd6442;0x7746064327e86078cf5abaa952867d3d832a2eaa26f31bb2369c4234239eb7ad;0xbea03070ab8edf05d3295f1a57c1023930b175f9fe363f6fffae5f0e133bdd74;0x3ce85f049723b73256c9bd3090710b268ae846af63f343dac491a8ab0eda9ea4;0x067670fa6661df552c62e3f38ac8ec6acf214fbb80e2268cdccd4a20d7f837d4;0xe2f4f6be7605b336e48a52373a14cd53c8e13ecd956f158eff97577c2eba1a4c;0x0fe262d244a4369e71f33a454cff3c8fdcb9ae429d95c791f820551008e80651;0xd1fc3cb08076b4113c23e67da0ddba334a78aa53ec03450e5e737251fa2fa5e9;,,Main
27,42,2018-09-18T15:19:15.145+0100,0x92430b1d9883def4a9db3e332c4563de55fc1019eccbbbeff282ce278859f66d,3010238,7306092,1190241,2,1537280355,0x0000000000000000000000000000000000000000,0x51696a47df6d7473e42d640121a701e1ecfbecd62a08e5144a9f81b3c62b967f,0x1dcc4de8dec75d7aab85b567b6ccd41ad312451b948a7413f0a142fd40d49347,2794,0xe6abf11f974b53f9281162a8d5f687eba83990989d1a5944aec8781c06c35f7e;0x294f64e00b29a7b1dd582b06e6dd0327191b5860007c0a0db25d58e966512b36;0x74934a79e328e036e5e682c9911eb692ce8a49e95b189f7702594c49131af3fa;0xcccf95222cf8edfb041b369179b8795155d175495e3cf2dcae5875314ff82ffc;0x9183c6b2674ce8f013f2259399bf5ae38eae2b76a6c64a2cd7fc58e53a637f46;0x61b385149d0ca00c84bff1728332a226f4db0a4a42f4294940e0bd3c207c9dcc;0xe5024d9c38b3cc483bf3962357b1971dfbad9855f5aca145da665b48bcd31dc4;0x1c5ee9f3a1eff94a34ee9267fec1b86e4c9a2f67bb5e3e256ebac8eb5c4e5663;0x282ee1eac0acb01c0ce339c842a1b09623e3a6d154a6cbc0d7303853d32f6ada;0xf984c9135b7f701eb65b1020bbc7f718dc449271e12c070db17f89a4da3bfd71;,0x8714aa71790681ca01e47505dd36cf4a40cb4c36da8af8854c13d1c993da096a;0x8c428d5e2e75b616fbfa9d8adfc4da70670af163c1aeb913166c1e88ecf76a55;,Main
28,44,2018-09-18T15:19:30.093+0100,0x778df68fa104331a0fffa0cb2dfd85f3e291f006f795be80bae2df61897fb05d,3010239,7300702,0,2,1537280370,0x0000000000000000000000000000000000000000,0x92430b1d9883def4a9db3e332c4563de55fc1019eccbbbeff282ce278859f66d,0x1dcc4de8dec75d7aab85b567b6ccd41ad312451b948a7413f0a142fd40d49347,609,,,Main
29,46,2018-09-18T15:19:45.392+0100,0x8107158bfb7c86afdb8673d53d292620f486a5efc3982d9bbf31a5a2ff61df2d,3010240,7293574,6180345,2,1537280385,0x0000000000000000000000000000000000000000,0x778df68fa104331a0fffa0cb2dfd85f3e291f006f795be80bae2df61897fb05d,0x1dcc4de8dec75d7aab85b567b6ccd41ad312451b948a7413f0a142fd40d49347,24168,0x13eb10172dfb401cf6732c078820bf0d6ece68587b8be66cbc17ac6f4b42632c;0x1cd58e39560743305e16863fd0c4456e828244ded560a242ebfa7558093849c9;0xdbb79f0a6bb58060f2d99352df605c4714109814f6262eaf8f62938b6bfd4f28;0x7cc86b0bebe1d5f6581969213f3c5fbfbe422e3bb310190a48fb509e9479ab1e;0x5c15e50227cb6c01adc0d1a925529fac86eca25ec7adbe3c8aa728086698eea8;0x42752c2800c03c3f0feb5e2d89dfbe035d488d700b768b2f40dc1d1eca805231;0x64f03e312c1886f79538c0c40d4189cca00e956131d7aa5461a89a2a9d6515cd;0x275c95b5cf9a165483dcf7228bb907c91f2b13f9de826e6775e00371f6a3c431;,,Main
30,47,2018-09-18T15:19:45.942+0100,0xdbb4406372149783c11969251ece9f61e570f4c3f44802c3775f1c3ff5dabceb,3010240,7307830,6180345,1,1537280385,0x0000000000000000000000000000000000000000,0x778df68fa104331a0fffa0cb2dfd85f3e291f006f795be80bae2df61897fb05d,0x1dcc4de8dec75d7aab85b567b6ccd41ad312451b948a7413f0a142fd40d49347,24168,0x13eb10172dfb401cf6732c078820bf0d6ece68587b8be66cbc17ac6f4b42632c;0x1cd58e39560743305e16863fd0c4456e828244ded560a242ebfa7558093849c9;0xdbb79f0a6bb58060f2d99352df605c4714109814f6262eaf8f62938b6bfd4f28;0x7cc86b0bebe1d5f6581969213f3c5fbfbe422e3bb310190a48fb509e9479ab1e;0x5c15e50227cb6c01adc0d1a925529fac86eca25ec7adbe3c8aa728086698eea8;0x275c95b5cf9a165483dcf7228bb907c91f2b13f9de826e6775e00371f6a3c431;0x64f03e312c1886f79538c0c40d4189cca00e956131d7aa5461a89a2a9d6515cd;0x42752c2800c03c3f0feb5e2d89dfbe035d488d700b768b2f40dc1d1eca805231;,,Uncle
31,50,2018-09-18T15:20:00.302+0100,0xf65c1c71ec9b9943da2fcb8238365d7e2b4520bd73b207db8761d7046d701ff3,3010241,7300695,1455265,2,1537280400,0x0000000000000000000000000000000000000000,0x8107158bfb7c86afdb8673d53d292620f486a5efc3982d9bbf31a5a2ff61df2d,0x1dcc4de8dec75d7aab85b567b6ccd41ad312451b948a7413f0a142fd40d49347,4784,0x8108e3d2c4fb5ad361485ddbe6578deece6d1d20737ef242eb2673d5ae2591f6;0x9f659a6661f2bdd148e1437c1ac9b6b5cafb445212986a1dad523709e8433fdf;0xa3421251e66cca2fd223e302300852c94bd43a9dde30e94ce5bf4cca804c5f73;0x051acf7c86a19118ad6eca1bfe5e3e57e2f31b79562b67516670ec6ed8d23642;0xf56d66cc42031ecec49f9e98c7ca2fd730f2001a9a474ced890647f7529ab733;0x3bdd419a2c0d432f38a38a72e953da62b6fe8c4438f66a257c0d4d1e8746df0d;0xb81b24d96babbdaf8f88b6e09cb1971b39626be2b06bd233a2ba4207caeb72c6;0xa8496c5cc4766c7799b60a1096c163a7f4560be3d99f4399499475eb1081d33d;,,Main
32,52,2018-09-18T15:20:15.116+0100,0x25908f7e5a4a2bd0e013f49aa9d1ca258956b30a00d0f3dc608acbcef85a5a75,3010242,7295698,0,2,1537280415,0x0000000000000000000000000000000000000000,0xf65c1c71ec9b9943da2fcb8238365d7e2b4520bd73b207db8761d7046d701ff3,0x1dcc4de8dec75d7aab85b567b6ccd41ad312451b948a7413f0a142fd40d49347,609,,,Main
33,54,2018-09-18T15:20:30.180+0100,0xcc6e26bffc360e537728f471f74e97799269e4654863939ffbf2bf116b0c1c22,3010243,7288575,811774,1,1537280430,0x0000000000000000000000000000000000000000,0x25908f7e5a4a2bd0e013f49aa9d1ca258956b30a00d0f3dc608acbcef85a5a75,0x1dcc4de8dec75d7aab85b567b6ccd41ad312451b948a7413f0a142fd40d49347,2235,0x0dd1e98031ab8c828d1db5fc108dc7ec4a3d1cdd8dab7c50b8babc38039ee5af;0x6d240cab1884d6dfc379916912ec313972946376b3c08e4d880f41292c76bd8e;0x645c52be556974ecdde250421d3ce8b8c47cd33dd9ff3710127affcc85fe0ef8;0x738938395f64536ac4403b5a18495d2f3928ef823c12797a0272da8a0ce3a5ad;0xa86cc1965b2e35cc42a9e967e3e11973b68d20e7f745ece0cafc562524ae0f9d;0x9d01efd2a2e66d943c485fd711db61c467b9adbf04276d6c8171096f668bc1a8;0x7965c7b1cf6b944a84b5c17008433b98bb0793a0ee46bd373073d2d746aec886;0xdbfe93a4eddd0ebb2f60d9cfc988b0b7895d4a810feeeb6e7d6d8c613a7de8cd;0x6190abbc5c5aff0c14075fbde8688b38885924aa1c7ba08a867d0ccbd147000d;,,Uncle
34,55,2018-09-18T15:20:30.186+0100,0xc17f9c3e712bc8875c07a4584cb7fe184d9564dcec187799399c97aa0b28b11a,3010243,7302821,1109076,2,1537280430,0x0000000000000000000000000000000000000000,0x25908f7e5a4a2bd0e013f49aa9d1ca258956b30a00d0f3dc608acbcef85a5a75,0x1dcc4de8dec75d7aab85b567b6ccd41ad312451b948a7413f0a142fd40d49347,5017,0x0dd1e98031ab8c828d1db5fc108dc7ec4a3d1cdd8dab7c50b8babc38039ee5af;0x6d240cab1884d6dfc379916912ec313972946376b3c08e4d880f41292c76bd8e;0x738938395f64536ac4403b5a18495d2f3928ef823c12797a0272da8a0ce3a5ad;0x645c52be556974ecdde250421d3ce8b8c47cd33dd9ff3710127affcc85fe0ef8;0xa86cc1965b2e35cc42a9e967e3e11973b68d20e7f745ece0cafc562524ae0f9d;0x9d01efd2a2e66d943c485fd711db61c467b9adbf04276d6c8171096f668bc1a8;0xe1cd488c4c24efbb399b5a6c36d6d0b22617e792a384027631efabbecb524189;0x6190abbc5c5aff0c14075fbde8688b38885924aa1c7ba08a867d0ccbd147000d;0x7965c7b1cf6b944a84b5c17008433b98bb0793a0ee46bd373073d2d746aec886;0xc2a3039ee0be79cceb80fc9161ef9323e274758b8ae4eaf74edbd1791e085347;0xdbfe93a4eddd0ebb2f60d9cfc988b0b7895d4a810feeeb6e7d6d8c613a7de8cd;,,Main
35,59,2018-09-18T15:20:45.153+0100,0xd2b9e9c131a5e7dd5423e0b263f466b22efa40df1bdcb68ae6733618c2802237,3010244,7297315,844180,2,1537280445,0x0000000000000000000000000000000000000000,0xc17f9c3e712bc8875c07a4584cb7fe184d9564dcec187799399c97aa0b28b11a,0x1dcc4de8dec75d7aab85b567b6ccd41ad312451b948a7413f0a142fd40d49347,2194,0x605c367b08698309916f9fdbee1072eb6b932618ef3c54d765e48be4392138ec;0x46d8ea8138f6eef9c6224e0540d8065ab2f327c7705cab6d338cfd66c5b55334;0xca5eba42ecb0ac9a63e2b5e9980494f1b60c2a8891ac1ec2b39f977838ab8c5c;0x256e5e12895bf386dd8b03187d7d3e97a289c50b42101b3b266bb15ff7a0ae5b;0x69e2f450447d450e6f6f3f57b8bcd6066386dbf38de2ee5c1b9d5fb018203cf6;0x9f7dc115cd1e26980418430e6e93a18d07ddeca9222a1442cc44807003a2da24;0x809dee8948047a2fd7aada326218ed822644715e931f7cb0bf8944017a006e16;0x8a43c0f69ca8ee84cdd6804a89678049f86d2ca5ca1caac0d49f88d60b5ca3de;,,Main
36,62,2018-09-18T15:21:00.107+0100,0x6cc9a1c23fe572117bda261309f16bd1c97ed49e6555ddee1addab125678b8e4,3010245,7291426,1836940,2,1537280460,0x0000000000000000000000000000000000000000,0xd2b9e9c131a5e7dd5423e0b263f466b22efa40df1bdcb68ae6733618c2802237,0x1dcc4de8dec75d7aab85b567b6ccd41ad312451b948a7413f0a142fd40d49347,8228,0x814f8006294faece2b273cd6b7c29836dda5e0743d06af97339170c306a584c0;0x51d3a58de45fd0f64ab40dc7292f02a720d9cbcba24df6ab60a3889253bba4df;0x881b093dde345954306e1876560aba74f5fecbe59ff9c9f9e312cd9d69ad579f;0x550f90b3ea62d5f6d0db4d9eb57ce52d86b16cfe0363fb2eaa51141c0d8186ee;0xf33a7a19328801f8bd6850883827bd56d6d9c14bd6069ba2dd40bd54e37bf8c7;0x98e5616b73457c9cc1811b14ed5c7e8f9e0d90a36902126ac7f99f151e51b02c;0xee6300c50a0a1b04055ca8134a04d0cd6f1b4c1bf11294815db214cc584a235c;0x263a1a0effdfe682a77b6626ce18f514c41cf5c71ecbd553ecf36ddbc6c82145;,,Main
